Workbook

Sheet New
A1: COUNTRY.ID | B1: COUNTRY | C1: GPH
A2: G110 | B2: Advanced Economies | C2: =IFERROR(IF(VLOOKUP(B2,Old!$A:$B,2,FALSE)="","",VLOOKUP(B2,Old!$A:$B,2,FALSE)),"Non trouvé")
A3: AFG | B3: Afghanistan, Islamic Republic of | C3: 700 | E3: Legend: | F3: OK
A4: GX605 | B4: Africa | C4: =IFERROR(IF(VLOOKUP(B4,Old!$A:$B,2,FALSE)="","",VLOOKUP(B4,Old!$A:$B,2,FALSE)),"Non trouvé") | F4: Two entities
A5: TX799 | B5: Africa not specified | C5: =IFERROR(IF(VLOOKUP(B5,Old!$A:$B,2,FALSE)="","",VLOOKUP(B5,Old!$A:$B,2,FALSE)),"Non trouvé")
A6: ALB | B6: Albania | C6: =IFERROR(IF(VLOOKUP(B6,Old!$A:$B,2,FALSE)="","",VLOOKUP(B6,Old!$A:$B,2,FALSE)),"Non trouvé") -> 339
A7: DZA | B7: Algeria | C7: =IFERROR(IF(VLOOKUP(B7,Old!$A:$B,2,FALSE)="","",VLOOKUP(B7,Old!$A:$B,2,FALSE)),"Non trouvé") -> 615
A8: ASM | B8: American Samoa | C8: =IFERROR(IF(VLOOKUP(B8,Old!$A:$B,2,FALSE)="","",VLOOKUP(B8,Old!$A:$B,2,FALSE)),"Non trouvé") -> 991
A9: AGO | B9: Angola | C9: =IFERROR(IF(VLOOKUP(B9,Old!$A:$B,2,FALSE)="","",VLOOKUP(B9,Old!$A:$B,2,FALSE)),"Non trouvé") -> 540
A10: AIA | B10: Anguilla, United Kingdom-British Overseas Territory | C10: 1062
A11: ATG | B11: Antigua and Barbuda | C11: =IFERROR(IF(VLOOKUP(B11,Old!$A:$B,2,FALSE)="","",VLOOKUP(B11,Old!$A:$B,2,FALSE)),"Non trouvé") -> 58
A12: ARG | B12: Argentina | C12: =IFERROR(IF(VLOOKUP(B12,Old!$A:$B,2,FALSE)="","",VLOOKUP(B12,Old!$A:$B,2,FALSE)),"Non trouvé") -> 160
A13: ARM | B13: Armenia, Republic of | C13: 371
A14: ABW | B14: Aruba, Kingdom of the Netherlands | C14: =IFERROR(IF(VLOOKUP(B14,Old!$A:$B,2,FALSE)="","",VLOOKUP(B14,Old!$A:$B,2,FALSE)),"Non trouvé") -> 1069
A15: TX598 | B15: Asia not specified | C15: =IFERROR(IF(VLOOKUP(B15,Old!$A:$B,2,FALSE)="","",VLOOKUP(B15,Old!$A:$B,2,FALSE)),"Non trouvé")
A16: AUS | B16: Australia | C16: =IFERROR(IF(VLOOKUP(B16,Old!$A:$B,2,FALSE)="","",VLOOKUP(B16,Old!$A:$B,2,FALSE)),"Non trouvé") -> 900
A17: AUT | B17: Austria | C17: =IFERROR(IF(VLOOKUP(B17,Old!$A:$B,2,FALSE)="","",VLOOKUP(B17,Old!$A:$B,2,FALSE)),"Non trouvé") -> 305
A18: AZE | B18: Azerbaijan, Republic of | C18: 373
A19: BHS | B19: Bahamas, The | C19: =IFERROR(IF(VLOOKUP(B19,Old!$A:$B,2,FALSE)="","",VLOOKUP(B19,Old!$A:$B,2,FALSE)),"Non trouvé") -> 31
A20: BHR | B20: Bahrain, Kingdom of | C20: =IFERROR(IF(VLOOKUP(B20,Old!$A:$B,2,FALSE)="","",VLOOKUP(B20,Old!$A:$B,2,FALSE)),"Non trouvé") -> 692
A21: BGD | B21: Bangladesh | C21: =IFERROR(IF(VLOOKUP(B21,Old!$A:$B,2,FALSE)="","",VLOOKUP(B21,Old!$A:$B,2,FALSE)),"Non trouvé") -> 771
A22: BRB | B22: Barbados | C22: =IFERROR(IF(VLOOKUP(B22,Old!$A:$B,2,FALSE)="","",VLOOKUP(B22,Old!$A:$B,2,FALSE)),"Non trouvé") -> 53
A23: BLR | B23: Belarus, Republic of | C23: 370
A24: BEL | B24: Belgium | C24: =IFERROR(IF(VLOOKUP(B24,Old!$A:$B,2,FALSE)="","",VLOOKUP(B24,Old!$A:$B,2,FALSE)),"Non trouvé") -> 211
A25: TX126 | B25: Belgium-Luxembourg | C25: =IFERROR(IF(VLOOKUP(B25,Old!$A:$B,2,FALSE)="","",VLOOKUP(B25,Old!$A:$B,2,FALSE)),"Non trouvé")
A26: BLZ | B26: Belize | C26: =IFERROR(IF(VLOOKUP(B26,Old!$A:$B,2,FALSE)="","",VLOOKUP(B26,Old!$A:$B,2,FALSE)),"Non trouvé") -> 80
A27: BEN | B27: Benin | C27: =IFERROR(IF(VLOOKUP(B27,Old!$A:$B,2,FALSE)="","",VLOOKUP(B27,Old!$A:$B,2,FALSE)),"Non trouvé") -> 434
A28: BMU | B28: Bermuda | C28: =IFERROR(IF(VLOOKUP(B28,Old!$A:$B,2,FALSE)="","",VLOOKUP(B28,Old!$A:$B,2,FALSE)),"Non trouvé") -> 30
A29: BTN | B29: Bhutan | C29: =IFERROR(IF(VLOOKUP(B29,Old!$A:$B,2,FALSE)="","",VLOOKUP(B29,Old!$A:$B,2,FALSE)),"Non trouvé") -> 760
A30: BOL | B30: Bolivia | C30: =IFERROR(IF(VLOOKUP(B30,Old!$A:$B,2,FALSE)="","",VLOOKUP(B30,Old!$A:$B,2,FALSE)),"Non trouvé") -> 145
A31: BIH | B31: Bosnia and Herzegovina | C31: =IFERROR(IF(VLOOKUP(B31,Old!$A:$B,2,FALSE)="","",VLOOKUP(B31,Old!$A:$B,2,FALSE)),"Non trouvé") -> 346
A32: BWA | B32: Botswana | C32: =IFERROR(IF(VLOOKUP(B32,Old!$A:$B,2,FALSE)="","",VLOOKUP(B32,Old!$A:$B,2,FALSE)),"Non trouvé") -> 571
A33: BRA | B33: Brazil | C33: =IFERROR(IF(VLOOKUP(B33,Old!$A:$B,2,FALSE)="","",VLOOKUP(B33,Old!$A:$B,2,FALSE)),"Non trouvé") -> 140
A34: BRN | B34: Brunei Darussalam | C34: =IFERROR(IF(VLOOKUP(B34,Old!$A:$B,2,FALSE)="","",VLOOKUP(B34,Old!$A:$B,2,FALSE)),"Non trouvé") -> 835
A35: BGR | B35: Bulgaria | C35: =IFERROR(IF(VLOOKUP(B35,Old!$A:$B,2,FALSE)="","",VLOOKUP(B35,Old!$A:$B,2,FALSE)),"Non trouvé") -> 355
... A42: CAN | B42: Canada | C42: =IFERROR(IF(VLOOKUP(B42,Old!$A:$B,2,FALSE)="","",VLOOKUP(B42,Old!$A:$B,2,FALSE)),"Non trouvé") -> 20
A43: CAF | B43: Central African Republic | C43: 482
A44: TCD | B44: Chad | C44: =IFERROR(IF(VLOOKUP(B44,Old!$A:$B,2,FALSE)="","",VLOOKUP(B44,Old!$A:$B,2,FALSE)),"Non trouvé") -> 483
A45: CHL | B45: Chile | C45: =IFERROR(IF(VLOOKUP(B45,Old!$A:$B,2,FALSE)="","",VLOOKUP(B45,Old!$A:$B,2,FALSE)),"Non trouvé") -> 155
A46: CHN | B46: China, People's Republic of | C46: 710
A47: COL | B47: Colombia | C47: =IFERROR(IF(VLOOKUP(B47,Old!$A:$B,2,FALSE)="","",VLOOKUP(B47,Old!$A:$B,2,FALSE)),"Non trouvé") -> 100
A48: COM | B48: Comoros, Union of the | C48: =IFERROR(IF(VLOOKUP(B48,Old!$A:$B,2,FALSE)="","",VLOOKUP(B48,Old!$A:$B,2,FALSE)),"Non trouvé") -> 581
A49: COD | B49: Congo, Democratic Republic of the | C49: 490
A50: COG | B50: Congo, Republic of | C50: 484
A51: CRI | B51: Costa Rica | C51: =IFERROR(IF(VLOOKUP(B51,Old!$A:$B,2,FALSE)="","",VLOOKUP(B51,Old!$A:$B,2,FALSE)),"Non trouvé") -> 94
A52: TX898 | B52: Countries & Areas not specified | C52: =IFERROR(IF(VLOOKUP(B52,Old!$A:$B,2,FALSE)="","",VLOOKUP(B52,Old!$A:$B,2,FALSE)),"Non trouvé")
A53: HRV | B53: Croatia, Republic of | C53: 344
A54: CUB | B54: Cuba | C54: =IFERROR(IF(VLOOKUP(B54,Old!$A:$B,2,FALSE)="","",VLOOKUP(B54,Old!$A:$B,2,FALSE)),"Non trouvé") -> 40
A55: CUW | B55: Curaçao, Kingdom of the Netherlands | C55: =IFERROR(IF(VLOOKUP(B55,Old!$A:$B,2,FALSE)="","",VLOOKUP(B55,Old!$A:$B,2,FALSE)),"Non trouvé") -> 1065
A56: CYP | B56: Cyprus | C56: =IFERROR(IF(VLOOKUP(B56,Old!$A:$B,2,FALSE)="","",VLOOKUP(B56,Old!$A:$B,2,FALSE)),"Non trouvé") -> 352
A57: CZE | B57: Czech Republic | C57: 316
A58: CSK | B58: Czechoslovakia | C58: =IFERROR(IF(VLOOKUP(B58,Old!$A:$B,2,FALSE)="","",VLOOKUP(B58,Old!$A:$B,2,FALSE)),"Non trouvé") -> 315
A59: CIV | B59: Côte d'Ivoire | C59: =IFERROR(IF(VLOOKUP(B59,Old!$A:$B,2,FALSE)="","",VLOOKUP(B59,Old!$A:$B,2,FALSE)),"Non trouvé") -> 437
A60: DNK | B60: Denmark | C60: =IFERROR(IF(VLOOKUP(B60,Old!$A:$B,2,FALSE)="","",VLOOKUP(B60,Old!$A:$B,2,FALSE)),"Non trouvé") -> 390
A61: DJI | B61: Djibouti | C61: =IFERROR(IF(VLOOKUP(B61,Old!$A:$B,2,FALSE)="","",VLOOKUP(B61,Old!$A:$B,2,FALSE)),"Non trouvé") -> 522
A62: DMA | B62: Dominica | C62: =IFERROR(IF(VLOOKUP(B62,Old!$A:$B,2,FALSE)="","",VLOOKUP(B62,Old!$A:$B,2,FALSE)),"Non trouvé") -> 54
A63: DOM | B63: Dominican Republic | C63: 42
A64: G080 | B64: EMDEs by Source of Export Earnings: Fuel
A65: G092 | B65: EMDEs by Source of Export Earnings: Nonfuel
A66: ECU | B66: Ecuador | C66: =IFERROR(IF(VLOOKUP(B66,Old!$A:$B,2,FALSE)="","",VLOOKUP(B66,Old!$A:$B,2,FALSE)),"Non trouvé") -> 130
A67: EGY | B67: Egypt, Arab Republic of | C67: 651
A68: SLV | B68: El Salvador | C68: =IFERROR(IF(VLOOKUP(B68,Old!$A:$B,2,FALSE)="","",VLOOKUP(B68,Old!$A:$B,2,FALSE)),"Non trouvé") -> 92
A69: G200 | B69: Emerging Market and Developing Economies
A70: G505 | B70: Emerging and Developing Asia | C70: =IFERROR(IF(VLOOKUP(B70,Old!$A:$B,2,FALSE)="","",VLOOKUP(B70,Old!$A:$B,2,FALSE)),"Non trouvé")
A71: G903 | B71: Emerging and Developing Europe | C71: =IFERROR(IF(VLOOKUP(B71,Old!$A:$B,2,FALSE)="","",VLOOKUP(B71,Old!$A:$B,2,FALSE)),"Non trouvé")
A72: GNQ | B72: Equatorial Guinea, Republic of | C72: 411
A73: ERI | B73: Eritrea, The State of | C73: =IFERROR(IF(VLOOKUP(B73,Old!$A:$B,2,FALSE)="","",VLOOKUP(B73,Old!$A:$B,2,FALSE)),"Non trouvé") -> 531
A74: EST | B74: Estonia, Republic of | C74: 366
A75: SWZ | B75: Eswatini, Kingdom of | C75: =IFERROR(IF(VLOOKUP(B75,Old!$A:$B,2,FALSE)="","",VLOOKUP(B75,Old!$A:$B,2,FALSE)),"Non trouvé") -> 572
A76: ETH | B76: Ethiopia, The Federal Democratic Republic of | C76: 530
A77: G163 | B77: Euro Area (EA)
A78: GX170 | B78: Europe
A79: TX884 | B79: Europe not specified | C79: =IFERROR(IF(VLOOKUP(B79,Old!$A:$B,2,FALSE)="","",VLOOKUP(B79,Old!$A:$B,2,FALSE)),"Non trouvé")
A80: G998 | B80: European Union (EU)
A81: FLK | B81: Falkland Islands (Malvinas) | C81: =IFERROR(IF(VLOOKUP(B81,Old!$A:$B,2,FALSE)="","",VLOOKUP(B81,Old!$A:$B,2,FALSE)),"Non trouvé") -> 1163
A82: FRO | B82: Faroe Islands | C82: =IFERROR(IF(VLOOKUP(B82,Old!$A:$B,2,FALSE)="","",VLOOKUP(B82,Old!$A:$B,2,FALSE)),"Non trouvé") -> 11
A83: FJI | B83: Fiji, Republic of | C83: 950
A84: FIN | B84: Finland | C84: =IFERROR(IF(VLOOKUP(B84,Old!$A:$B,2,FALSE)="","",VLOOKUP(B84,Old!$A:$B,2,FALSE)),"Non trouvé") -> 375
A85: FRA | B85: France | C85: =IFERROR(IF(VLOOKUP(B85,Old!$A:$B,2,FALSE)="","",VLOOKUP(B85,Old!$A:$B,2,FALSE)),"Non trouvé") -> 220
A86: PYF | B86: French Polynesia | C86: =IFERROR(IF(VLOOKUP(B86,Old!$A:$B,2,FALSE)="","",VLOOKUP(B86,Old!$A:$B,2,FALSE)),"Non trouvé") -> 960
A87: GAB | B87: Gabon | C87: =IFERROR(IF(VLOOKUP(B87,Old!$A:$B,2,FALSE)="","",VLOOKUP(B87,Old!$A:$B,2,FALSE)),"Non trouvé") -> 481
A88: GMB | B88: Gambia, The | C88: =IFERROR(IF(VLOOKUP(B88,Old!$A:$B,2,FALSE)="","",VLOOKUP(B88,Old!$A:$B,2,FALSE)),"Non trouvé") -> 420
A89: GEO | B89: Georgia | C89: =IFERROR(IF(VLOOKUP(B89,Old!$A:$B,2,FALSE)="","",VLOOKUP(B89,Old!$A:$B,2,FALSE)),"Non trouvé") -> 372
A90: DDR | B90: German Democratic Republic | C90: 265
A91: DEU | B91: Germany | C91: =IFERROR(IF(VLOOKUP(B91,Old!$A:$B,2,FALSE)="","",VLOOKUP(B91,Old!$A:$B,2,FALSE)),"Non trouvé") -> 255
A92: GHA | B92: Ghana | C92: =IFERROR(IF(VLOOKUP(B92,Old!$A:$B,2,FALSE)="","",VLOOKUP(B92,Old!$A:$B,2,FALSE)),"Non trouvé") -> 452
A93: GIB | B93: Gibraltar | C93: =IFERROR(IF(VLOOKUP(B93,Old!$A:$B,2,FALSE)="","",VLOOKUP(B93,Old!$A:$B,2,FALSE)),"Non trouvé") -> 231
A94: GRC | B94: Greece | C94: =IFERROR(IF(VLOOKUP(B94,Old!$A:$B,2,FALSE)="","",VLOOKUP(B94,Old!$A:$B,2,FALSE)),"Non trouvé") -> 350
A95: GRL | B95: Greenland | C95: =IFERROR(IF(VLOOKUP(B95,Old!$A:$B,2,FALSE)="","",VLOOKUP(B95,Old!$A:$B,2,FALSE)),"Non trouvé") -> 10
A96: GRD | B96: Grenada | C96: =IFERROR(IF(VLOOKUP(B96,Old!$A:$B,2,FALSE)="","",VLOOKUP(B96,Old!$A:$B,2,FALSE)),"Non trouvé") -> 55
A97: GUM | B97: Guam | C97: =IFERROR(IF(VLOOKUP(B97,Old!$A:$B,2,FALSE)="","",VLOOKUP(B97,Old!$A:$B,2,FALSE)),"Non trouvé") -> 985
A98: GTM | B98: Guatemala | C98: =IFERROR(IF(VLOOKUP(B98,Old!$A:$B,2,FALSE)="","",VLOOKUP(B98,Old!$A:$B,2,FALSE)),"Non trouvé") -> 90
A99: GIN | B99: Guinea | C99: =IFERROR(IF(VLOOKUP(B99,Old!$A:$B,2,FALSE)="","",VLOOKUP(B99,Old!$A:$B,2,FALSE)),"Non trouvé") -> 438
A100: GNB | B100: Guinea-Bissau | C100: =IFERROR(IF(VLOOKUP(B100,Old!$A:$B,2,FALSE)="","",VLOOKUP(B100,Old!$A:$B,2,FALSE)),"Non trouvé") -> 404
A101: GUY | B101: Guyana | C101: =IFERROR(IF(VLOOKUP(B101,Old!$A:$B,2,FALSE)="","",VLOOKUP(B101,Old!$A:$B,2,FALSE)),"Non trouvé") -> 110
A102: HTI | B102: Haiti | C102: =IFERROR(IF(VLOOKUP(B102,Old!$A:$B,2,FALSE)="","",VLOOKUP(B102,Old!$A:$B,2,FALSE)),"Non trouvé") -> 41
... A104: HND | B104: Honduras | C104: =IFERROR(IF(VLOOKUP(B104,Old!$A:$B,2,FALSE)="","",VLOOKUP(B104,Old!$A:$B,2,FALSE)),"Non trouvé") -> 91
A105: HKG | B105: Hong Kong Special Administrative Region, People's Republic of China | C105: 720
A106: HUN | B106: Hungary | C106: =IFERROR(IF(VLOOKUP(B106,Old!$A:$B,2,FALSE)="","",VLOOKUP(B106,Old!$A:$B,2,FALSE)),"Non trouvé") -> 310
A107: ISL | B107: Iceland | C107: =IFERROR(IF(VLOOKUP(B107,Old!$A:$B,2,FALSE)="","",VLOOKUP(B107,Old!$A:$B,2,FALSE)),"Non trouvé") -> 395
...

Sheet Old
A1: Country.Name | B1: GPH
A2: Advanced Economies
A3: Afghanistan, Islamic Rep. of | B3: 700
A4: Africa
A5: Africa not specified
A6: Albania | B6: 339
A7: Algeria | B7: 615
A8: American Samoa | B8: 991
A9: Angola | B9: 540
A10: Anguilla | B10: 1062
A11: Antigua and Barbuda | B11: 58
A12: Argentina | B12: 160
A13: Armenia, Rep. of | B13: 371
A14: Aruba, Kingdom of the Netherlands | B14: 1069
A15: Asia not specified
A16: Australia | B16: 900
A17: Austria | B17: 305
A18: Azerbaijan, Rep. of | B18: 373
A19: Bahamas, The | B19: 31
A20: Bahrain, Kingdom of | B20: 692
A21: Bangladesh | B21: 771
A22: Barbados | B22: 53
A23: Belarus, Rep. of | B23: 370
A24: Belgium | B24: 211
A25: Belgium-Luxembourg
A26: Belize | B26: 80
A27: Benin | B27: 434
A28: Bermuda | B28: 30
A29: Bhutan | B29: 760
A30: Bolivia | B30: 145
A31: Bosnia and Herzegovina | B31: 346
A32: Botswana | B32: 571
A33: Brazil | B33: 140
A34: Brunei Darussalam | B34: 835
A35: Bulgaria | B35: 355
A36: Burkina Faso | B36: 439
A37: Burundi | B37: 516
... A47: China, P.R.: Mainland | B47: 710
A48: CIS
A49: Colombia | B49: 100
A50: Comoros, Union of the | B50: 581
A51: Congo, Dem. Rep. of the | B51: 490
A52: Congo, Rep. of | B52: 484
A53: Costa Rica | B53: 94
A54: Côte d'Ivoire | B54: 437
A55: Countries & Areas not specified
A56: Croatia, Rep. of | B56: 344
A57: Cuba | B57: 40
A58: Curaçao, Kingdom of the Netherlands | B58: 1065
A59: Cyprus | B59: 352
A60: Czech Rep. | B60: 316
A61: Czechoslovakia | B61: 315
A62: Denmark | B62: 390
A63: Djibouti | B63: 522
A64: Dominica | B64: 54
A65: Dominican Rep. | B65: 42
A66: Eastern Germany | B66: 265
A67: Ecuador | B67: 130
... A69: El Salvador | B69: 92
A70: Emerging and Developing Asia
A71: Emerging and Developing Economies
A72: Emerging and Developing Europe
A73: Emerging Market and Developing Economies by Source of Export Earnings: Fuel
A74: Emerging Market and Developing Economies by Source of Export Earnings: Nonfuel
A75: Equatorial Guinea, Rep. of | B75: 411
A76: Eritrea, The State of | B76: 531
A77: Estonia, Rep. of | B77: 366
A78: Eswatini, Kingdom of | B78: 572
A79: Ethiopia, The Federal Dem. Rep. of | B79: 530
A80: Euro Area
A81: Europe not specified
A82: European Union
A83: Falkland Islands (Malvinas) | B83: 1163
A84: Faroe Islands | B84: 11
A85: Fiji, Rep. of | B85: 950
A86: Finland | B86: 375
A87: France | B87: 220
A88: French Polynesia | B88: 960
A89: Gabon | B89: 481
A90: Gambia, The | B90: 420
A91: Georgia | B91: 372
A92: Germany | B92: 255
A93: Ghana | B93: 452
A94: Gibraltar | B94: 231
... A136: Malaysia | B136: 820
A137: Malaysia, West
A138: Maldives | B138: 781
A139: Mali | B139: 432
A140: Malta | B140: 338
A141: Marshall Islands, Rep. of the | B141: 983
A142: Mauritania, Islamic Rep. of | B142: 435
A143: Mauritius | B143: 590
A144: Mexico | B144: 70
A145: Micronesia, Federated States of | B145: 987
A146: Middle East
A147: Middle East and Central Asia
A148: Middle East and Central Asia not specified
A149: Moldova, Rep. of | B149: 359
A150: Mongolia | B150: 712
A151: Montenegro | B151: 341
...
